{
  "synthetic_regime_switch::test": {
    "domain": {
      "all": 1.5093311490895658
    },
    "freq": {
      "all": 1.5093311490895658
    },
    "term": {
      "all": 1.5093311490895658
    }
  }
}