{
  "synthetic_regime_switch::test": {
    "single:dummy_trend": {
      "MASE": 2.4659329002993515,
      "sMAPE": 60.97531834225302,
      "MSE": 26.003904378936944
    },
    "single:dummy_spiky": {
      "MASE": 1.6065469602869211,
      "sMAPE": 43.0350791261059,
      "MSE": 15.993495223752864
    },
    "single:dummy_season": {
      "MASE": 3.1335103264207556,
      "sMAPE": 101.68281995505131,
      "MSE": 45.92604232869897
    },
    "single:dummy_snaive": {
      "MASE": 1.7669312083376498,
      "sMAPE": 48.642851681123126,
      "MSE": 17.97991092327152
    },
    "ensemble:mean": {
      "MASE": 1.7999529507337406,
      "sMAPE": 49.61432506559811,
      "MSE": 19.886805436212164
    },
    "ensemble:weighted": {
      "MASE": 1.7532069134577195,
      "sMAPE": 47.95100611722722,
      "MSE": 18.763190744788723
    },
    "ensemble:bma": {
      "MASE": 1.7195922228535436,
      "sMAPE": 46.74684820740619,
      "MSE": 17.792546201331255
    },
    "routing:random": {
      "MASE": 2.2366045012575952,
      "sMAPE": 63.510224447601125,
      "MSE": 26.341365701749893
    },
    "routing:weighted_random": {
      "MASE": 2.095084379310925,
      "sMAPE": 57.89295642518504,
      "MSE": 23.8883474237832
    },
    "oracle": {
      "MASE": 1.3799364682586477,
      "sMAPE": 37.60282681295734,
      "MSE": 13.290850431939175
    },
    "hit_forecast:hard": {
      "MASE": 1.5093311490895658,
      "sMAPE": 41.9478871775169,
      "MSE": 14.175199519329624,
      "selection_acc": 0.7705
    },
    "hit_forecast:soft": {
      "MASE": 1.526979306373197,
      "sMAPE": 42.2237041669683,
      "MSE": 14.931971952857406
    },
    "pooled_mlp:hard": {
      "MASE": 1.6065469602869211,
      "sMAPE": 43.0350791261059,
      "MSE": 15.993495223752864,
      "selection_acc": 0.6545
    },
    "pooled_mlp:soft": {
      "MASE": 1.6683078852561908,
      "sMAPE": 45.020149654549684,
      "MSE": 16.926860607145326
    }
  }
}